gender,age,experience,salary
M,25,3,54960.0
M,28,5,62288.0
M,30,7,68700.0
M,32,9,75112.0
M,35,12,82440.0
F,27,4,57250.00000000001
F,29,6,63855.769230769234
F,31,8,68259.61538461539
F,33,10,74865.38461538462
F,36,13,79269.23076923078
